qid,bm_loc,dn_loc,ans_loc,un_loc,pool_loc,bm_n,dn_n
ECTeihDWcNUSKARw,0.056666666666666664,0.05,0.32,0.04390243902439024,870,17,15
d7NoT4bFmqUz0boE,0.05,0.05333333333333334,0.44,0.047516198704103674,323,15,16
eLypTSoIY0DA8Vzp,0.0,0.016666666666666666,0.1,0.008517887563884156,1638,0,5
HU8rKSNjfNVrClFE,0.01,0.006666666666666667,0.1,0.008976660682226212,134,3,2
VgbuK87qSgWEGElz,0.14,0.09333333333333334,0.96,0.10752688172043011,12145,42,28
yBWLWCQkxQsLrnQ8,0.08,0.09,0.76,0.07945736434108527,12145,24,27
pgiIHko2P8nOoh8v,0.09,0.02,0.58,0.054945054945054944,19543,27,6
0xiWwHRveL4G7TLE,0.03,0.03666666666666667,0.36,0.03237410071942446,3070,9,11
NJ7ZXEg8OH4UDnkY,0.056666666666666664,0.06333333333333334,0.42,0.04941176470588235,1638,17,19
BvoOcrTAEqxMVdjf,0.09333333333333334,0.05,0.68,0.06581352833638025,3070,28,15
2KheyMFjI7Ly7GHT,0.043333333333333335,0.03,0.32,0.03587443946188341,1927,13,9
81wSCQCULy2eaoJK,0.24666666666666667,0.31,1.0,0.2383177570093458,19543,74,93
MQzQh3sInflbUhri,0.02,0.05,0.32,0.033932135728542916,613,6,15
ZIP13Ye5O74J8F8C,0.14333333333333334,0.17,1.0,0.14361702127659576,19543,43,51
XtqVJkF4coGYYMou,0.0033333333333333335,0.0033333333333333335,0.04,0.003418803418803419,384,1,1
PvwnPTgtWbYsm8pD,0.05333333333333334,0.05333333333333334,0.52,0.052,1284,16,16
bwVJIYEdtWgW3BNE,0.07,0.056666666666666664,0.44,0.05069124423963134,2080,21,17
2K0GQgFdd2YibTBi,0.03333333333333333,0.02,0.28,0.029978586723768737,1646,10,6
LYBdAHhc5dhybsZP,0.0,0.0,0.0,0.0,0,0,0
evPZKz4XajsQbivJ,0.016666666666666666,0.013333333333333334,0.16,0.015151515151515152,977,5,4
xfa7uZdq610IWN25,0.14333333333333334,0.12333333333333334,0.98,0.12691466083150985,12145,43,37
nciq3kc00LWfFO97,0.06333333333333334,0.18666666666666668,0.72,0.12746858168761221,19543,19,56
3pFTurAVhhatTn3r,0.0,0.0,0.0,0.0,0,0,0
JFxodZ1GtnkTTPOR,0.03,0.04666666666666667,0.3,0.035,621,9,14
gnhKiVlK02Ly8py3,0.023333333333333334,0.08333333333333333,0.54,0.04963235294117647,2326,7,25
juPL4fhGsRAfz4RA,0.08,0.006666666666666667,0.3,0.041736227045075125,1927,24,2
KY8y2QZxQbYfMvP1,0.0,0.0,0.0,0.0,0,0,0
EGf6MgN4B60MPngU,0.02666666666666667,0.02,0.24,0.022099447513812154,621,8,6
zRbOuJKZw99H26tx,0.19,0.13,0.92,0.15664845173041894,19543,57,39
yxuAqG0CZ6bCl4MP,0.0033333333333333335,0.013333333333333334,0.1,0.008976660682226212,310,1,4
Zdx1blJsxqi2CpCi,0.0,0.0,0.0,0.0,0,0,0
A8IijQHJjcWtfoC0,0.056666666666666664,0.043333333333333335,0.32,0.05084745762711865,12145,17,13
S1kndubWjm6J1lHP,0.0,0.0,0.0,0.0,0,0,0
nQQyWLk1rO2lgaME,0.016666666666666666,0.013333333333333334,0.14,0.013307984790874524,2193,5,4
qzKDlPrzRb2bn63u,0.05333333333333334,0.01,0.34,0.032148900169204735,3659,16,3
PvmayRRXVTFQMb13,0.06333333333333334,0.06666666666666667,0.52,0.053061224489795916,368,19,20
sUiAN4K3So0x3M5P,0.07333333333333333,0.06666666666666667,0.56,0.056112224448897796,12145,22,20
h6aoxmLthNTMp80l,0.08333333333333333,0.11,0.92,0.09320388349514563,19543,25,33
Jqr9BlNZD31PHE6B,0.0,0.0,0.0,0.0,0,0,0
gsYSaM6ARbm1xPiH,0.02,0.01,0.18,0.018367346938775512,1583,6,3
F2BHO5nfGDTa4ol6,0.17333333333333334,0.07333333333333333,0.94,0.1203883495145631,19543,52,22
UPP0pDFPK4Gmgklb,0.0033333333333333335,0.02,0.14,0.012589928057553957,1638,1,6
dwMv0FP4KZXmkBGs,0.02,0.023333333333333334,0.14,0.012544802867383513,1616,6,7
2Vcxsswu3UtylapY,0.21333333333333335,0.25333333333333335,1.0,0.19964349376114082,19543,64,76
FpIAgd0MvJsSlvhZ,0.01,0.03,0.2,0.0225140712945591,968,3,9
zRU2hwrWu6p56dU6,0.056666666666666664,0.023333333333333334,0.42,0.03898305084745763,3178,17,7
sy8xZdG0Ga96mXwl,0.06,0.06666666666666667,0.5,0.05112474437627812,3070,18,20
87tEm8xtyzvH6bRX,0.0,0.0,0.0,0.0,0,0,0
2F3fRdgkGmDxBqvm,0.0033333333333333335,0.0,0.0,0.0017985611510791368,268,1,0
btTIAmMJEfuG0Kct,0.03333333333333333,0.03666666666666667,0.26,0.03611738148984198,1583,10,11
17J6Sa3sKh1SDksu,0.04,0.0033333333333333335,0.26,0.025390625,433,12,1
Lk6jdFz0KEw9NMId,0.056666666666666664,0.03333333333333333,0.36,0.038817005545286505,4494,17,10
y1okR2Uv86OfnpE3,0.1,0.056666666666666664,0.78,0.08015267175572519,12145,30,17
tXj8Cs5xoU8QSW6M,0.08666666666666667,0.13333333333333333,0.98,0.10357142857142858,19543,26,40
xxbKmwe9Ut4cWSju,0.03,0.043333333333333335,0.34,0.03389830508474576,2726,9,13
o3fVWZeC7xopae18,0.023333333333333334,0.03,0.24,0.023255813953488372,914,7,9
10RZdP046pFP08wF,0.06333333333333334,0.043333333333333335,0.38,0.04139433551198257,3659,19,13
bGFH5iBgoiyWDE4t,0.13,0.11666666666666667,1.0,0.1227364185110664,19543,39,35
9D8JhYzezJ0vmQTq,0.04,0.02,0.3,0.029644268774703556,910,12,6
qcSAeTL1P1H64f8G,0.0,0.0,0.0,0.0,0,0,0
dKTwYBzKmnSoZsDh,0.03,0.04666666666666667,0.36,0.034358047016274866,4494,9,14
ravkgqFgQ0QzsIq8,0.43,0.4266666666666667,1.0,0.37971698113207547,19543,129,128
SIUKQ0tpFSNs4T2w,0.0,0.0,0.0,0.0,0,0,0
htqOyRpZ0BYVvDrQ,0.06666666666666667,0.08333333333333333,0.56,0.059957173447537475,2726,20,25
g1rRx6axOH4WxeF8,0.043333333333333335,0.023333333333333334,0.26,0.02578268876611418,3157,13,7
UEkW778tqIUUJqO9,0.06666666666666667,0.02666666666666667,0.4,0.03460207612456748,47,20,8
I08oOoFTjC07Vrta,0.02666666666666667,0.016666666666666666,0.26,0.02526315789473684,849,8,5
3LiXTg1eVTc2le1B,0.14,0.09666666666666666,0.96,0.10275229357798166,12145,42,29
h1QCtDc5jh47g39c,0.0,0.0,0.0,0.0,0,0,0
JngF5olRZTJiI3CU,0.18,0.13,1.0,0.14629629629629629,19543,54,39
1GHH8ZCIbHuATKtf,0.18666666666666668,0.2733333333333333,0.94,0.20930232558139536,19543,56,82
1QwVJVMILy787lkp,0.04,0.03,0.38,0.037109375,3070,12,9
ZWKtxHh26j2fWhD0,0.0,0.0,0.0,0.0,0,0,0
gBq5NvlLkDWXfdFs,0.056666666666666664,0.12333333333333334,0.84,0.08333333333333333,4494,17,37
KKnfJy7qjAImf0jW,0.006666666666666667,0.006666666666666667,0.06,0.005836575875486381,585,2,2
c8MzkMLcFaZAzimc,0.08,0.05,0.46,0.0616822429906542,12145,24,15
bTF8nFanljgh7MYg,0.0,0.0,0.0,0.0,0,0,0
50DZQBIXj0yEIqZP,0.05333333333333334,0.02666666666666667,0.34,0.03483606557377049,1133,16,8
9iUBpipDGN5CaIqZ,0.3933333333333333,0.4033333333333333,1.0,0.3813953488372093,12145,118,121
no5QcEFwHNu79q7v,0.05,0.04,0.42,0.03793103448275862,1927,15,12
lVj2BChflKzgzpGQ,0.016666666666666666,0.023333333333333334,0.18,0.01692047377326565,1177,5,7
qjSrURAd9FdHwGdm,0.016666666666666666,0.03333333333333333,0.2,0.02119460500963391,869,5,10
mikHI6CNWMPU8RGN,0.0,0.0,0.0,0.0,0,0,0
Y9sdO7l8HOXFPida,0.26666666666666666,0.35333333333333333,1.0,0.30825688073394497,2326,80,106
HcKi8OfhdLQ9ZNaF,0.006666666666666667,0.013333333333333334,0.12,0.01001669449081803,303,2,4
x32qozicU41tpJ1Z,0.04666666666666667,0.013333333333333334,0.3,0.029876977152899824,2326,14,4
mSXLbxWIz9k3k4C4,0.04,0.03333333333333333,0.34,0.033268101761252444,2726,12,10
4sAOSzUFwpJNTl8I,0.02666666666666667,0.03,0.32,0.03125,2575,8,9
fzczXnNAoYKrJrCJ,0.0033333333333333335,0.013333333333333334,0.1,0.008944543828264758,1092,1,4
5Qx2PwAnX3auv2EC,0.18666666666666668,0.13,0.96,0.16087751371115175,19543,56,39
jKQFdTfIAHvrakrN,0.07333333333333333,0.06,0.5,0.06277056277056277,3070,22,18
BZjqbcWMsXMhtm7t,0.01,0.03666666666666667,0.26,0.026262626262626262,870,3,11
4PLL3VlDpfHSo2nY,0.043333333333333335,0.03666666666666667,0.32,0.04065040650406504,882,13,11
2mw4lWxfm6e2QfAf,0.06,0.05,0.38,0.045662100456621,1638,18,15
s5AKQKsaJxr3dm0b,0.03,0.02,0.22,0.022988505747126436,1770,9,6
UGUJm1tqrqrQGcsE,0.04666666666666667,0.03666666666666667,0.38,0.04020979020979021,3027,14,11
N6gkzIlmBwUayynj,0.11333333333333333,0.12666666666666668,1.0,0.11278195488721804,19543,34,38
vri0MxSsM58W7tvu,0.17,0.14,0.96,0.1493975903614458,12145,51,42
z0sqdR4dSU3WLHcP,0.13,0.16666666666666666,0.94,0.1536926147704591,19543,39,50
bhLAKzpNR2oDfix0,0.0,0.0,0.0,0.0,0,0,0
8GyLBhZOpVK1oHoc,0.15666666666666668,0.17333333333333334,0.98,0.14531548757170173,12145,47,52
vVsNRyPU9Jus2tEX,0.0,0.0,0.0,0.0,0,0,0
CJZdcABkv2XMedeX,0.08,0.1,0.88,0.09090909090909091,12145,24,30
NjN1ejLAO1syg4cX,0.06333333333333334,0.07666666666666666,0.5,0.06142506142506143,3027,19,23
h1ijqMczH05uRllT,0.25333333333333335,0.14333333333333334,1.0,0.14963503649635038,296,76,43
SoC1KayKn5VUYMKZ,0.03666666666666667,0.05,0.4,0.04132231404958678,2193,11,15
NzAmgFxShqTzRhAY,0.08,0.09,0.72,0.07240704500978473,4494,24,27
FgZgS2s9kJY9xUhW,0.07,0.05333333333333334,0.52,0.04961832061068702,2726,21,16
AG2z5zlF6uFFqRQg,0.03,0.05,0.34,0.036734693877551024,1638,9,15
8VXxY0rsZoENZ0s7,0.15,0.12,1.0,0.12910284463894967,19543,45,36
D7XZwOQKmTIpnbLw,0.0033333333333333335,0.04666666666666667,0.26,0.023809523809523808,2575,1,14
JAp9WWrNPksWTSwt,0.02666666666666667,0.01,0.2,0.02022058823529412,476,8,3
moeU4xtRvMy8iQGB,0.11,0.09333333333333334,0.9,0.09465020576131687,12145,33,28
lL41jZkxBGxkLh3H,0.14666666666666667,0.12333333333333334,0.94,0.133086876155268,19543,44,37
bfE9cv0i1Vs8UstM,0.023333333333333334,0.0,0.12,0.01174496644295302,670,7,0
VCduJE2drWP7ngkk,0.03,0.043333333333333335,0.32,0.037825059101654845,3027,9,13
Pv4EbolMnFU03mWd,0.03,0.023333333333333334,0.22,0.024017467248908297,3178,9,7
l9S3YLmISBxKQ811,0.0,0.0,0.0,0.0,0,0,0
5nuJeLptyypb8xTz,0.09666666666666666,0.10666666666666667,0.92,0.09655172413793103,19543,29,32
aFUdNBsaWC7tsZj0,0.01,0.006666666666666667,0.1,0.009505703422053232,2193,3,2
iPBIyawxZqjnQqUF,0.09,0.07666666666666666,0.58,0.07096774193548387,3070,27,23
sTag69tusX04By3m,0.07333333333333333,0.05,0.52,0.051188299817184646,3070,22,15
TQ3t5RRQxWzJW5cT,0.01,0.043333333333333335,0.26,0.026022304832713755,899,3,13
edGmwNo2zDyQKCi6,0.07666666666666666,0.07,0.5,0.052521008403361345,1583,23,21
CjJ8XmNiKqDqMvCl,0.19,0.25,1.0,0.2,19543,57,75
rmFv6v6etyw0DXJa,0.45666666666666667,0.2,1.0,0.2994652406417112,1927,137,60
e7PZRUKXIqCJAWZX,0.11,0.07,0.8,0.08492569002123142,4494,33,21
TyY2GTopOHMRObmh,0.11,0.11,0.86,0.11026615969581749,19543,33,33
ryjRd8gKb0Z41tKq,0.03,0.01,0.2,0.01926444833625219,1177,9,3
wYuWuZPsARqwv3jt,0.03333333333333333,0.023333333333333334,0.24,0.02727272727272727,1927,10,7
FfczgBnxPiI0YGag,0.14,0.06333333333333334,0.9,0.09725158562367865,19543,42,19
V2d0ZKdZJ2xhIhcx,0.12666666666666668,0.12,1.0,0.103515625,19543,38,36
mWnVqsfw8Ml7DIJg,0.14333333333333334,0.04,0.8,0.08711433756805807,12145,43,12
UIw1MgyJLd8S1moU,0.04,0.06333333333333334,0.44,0.04204753199268738,3659,12,19
MiS5dDGrU6eVhhQw,0.04666666666666667,0.04,0.32,0.029038112522686024,1583,14,12
oT6W61xokB5t5okz,0.016666666666666666,0.016666666666666666,0.16,0.015810276679841896,599,5,5
9RnnlAhXjwdHSnew,0.043333333333333335,0.03333333333333333,0.34,0.0338680926916221,3659,13,10
xuBsDKTX8zSObCFe,0.03666666666666667,0.006666666666666667,0.24,0.023297491039426525,3659,11,2
2Njmse8NP0Y4VwPM,0.05333333333333334,0.03666666666666667,0.36,0.036511156186612576,1638,16,11
erBzDNazxEaEYLWe,0.21666666666666667,0.15,0.98,0.18201754385964913,19543,65,45
kxQrvp6Q4lbcgeGK,0.08666666666666667,0.12666666666666668,0.92,0.0995850622406639,12145,26,38
1RsyqSze4QG2bzFQ,0.02666666666666667,0.02666666666666667,0.26,0.029612756264236904,1133,8,8
lkI1TrBRV0F5HAA3,0.09666666666666666,0.06,0.62,0.06868686868686869,2575,29,18
E7Ypyg79mxKYrYPi,0.06333333333333334,0.03666666666666667,0.38,0.048582995951417005,19543,19,11
m6HSvVinm1CRQCim,0.023333333333333334,0.02666666666666667,0.2,0.02207505518763797,344,7,8
1IEgYc8XWbgBAFT3,0.02666666666666667,0.02666666666666667,0.22,0.02119460500963391,903,8,8
lnKZrBHkpXgyjb1U,0.0,0.0,0.0,0.0,0,0,0
FyEsvgRIXQLjnMN9,0.01,0.006666666666666667,0.06,0.0055147058823529415,1157,3,2
kbc5RHrifEsvlBa5,0.0033333333333333335,0.0033333333333333335,0.04,0.0037243947858473,540,1,1
JC0Hit2IRJlZxisF,0.24333333333333335,0.22,1.0,0.24390243902439024,19543,73,66
nY3yIj7dniODNOyE,0.15,0.21666666666666667,1.0,0.17689530685920576,19543,45,65
ZhidysoEMf4rdZpH,0.16666666666666666,0.1,1.0,0.11842105263157894,12145,50,30
oXOrNFR2EhYMjj5u,0.01,0.023333333333333334,0.16,0.017167381974248927,1177,3,7
pH0VioHYn8fMkoNL,0.0,0.0,0.0,0.0,0,0,0
SVFfhQTJ5W0IOJtK,0.0,0.0,0.0,0.0,0,0,0
ealwE8tw8ZAbaOU4,0.016666666666666666,0.02666666666666667,0.18,0.01768172888015717,870,5,8
cLEo318Z3t4yZOBI,0.043333333333333335,0.016666666666666666,0.26,0.02491103202846975,3070,13,5
PQf7FpY497jsFJVX,0.0,0.0,0.0,0.0,0,0,0
AC7ZdvjWmpjq8C1U,0.03666666666666667,0.05333333333333334,0.3,0.045112781954887216,19543,11,16
a9xiulkLGauE6fvN,0.013333333333333334,0.023333333333333334,0.14,0.017892644135188866,1284,4,7
AxeSd95n6EnRZb0d,0.02,0.006666666666666667,0.12,0.01348314606741573,902,6,2
4VE4KPjqjiv4ERub,0.04,0.016666666666666666,0.28,0.027196652719665274,816,12,5
cgv14BzV0kdgWFBQ,0.10333333333333333,0.14,0.86,0.12056737588652482,12145,31,42
EC1ME689zFyqGMDA,0.29333333333333333,0.2633333333333333,1.0,0.2563451776649746,12145,88,79
F68tCBeu272KpINg,0.10666666666666667,0.12666666666666668,0.96,0.1036468330134357,12145,32,38
XdZzPwlDXPk8XhOs,0.0,0.0,0.0,0.0,0,0,0
e6pMp02hOoBiIYYL,0.0,0.0,0.0,0.0,0,0,0
AqVaj5drnrrB257A,0.02666666666666667,0.016666666666666666,0.14,0.015238095238095238,869,8,5
gkumOW44h0obdq0Z,0.0,0.0,0.0,0.0,0,0,0
bFoGOA7dVOHKQWnh,0.016666666666666666,0.013333333333333334,0.18,0.017716535433070866,85,5,4
Y4In9PXIkUbuzPJk,0.15333333333333332,0.19,1.0,0.15306122448979592,19543,46,57
EtCH5tXLMM3PNp1t,0.03,0.023333333333333334,0.26,0.0260707635009311,1646,9,7
94UtW5eRuV3rcDEO,0.02666666666666667,0.02666666666666667,0.2,0.02386117136659436,77,8,8
5qoo2oFaq1Mb9Jab,0.14333333333333334,0.08,0.86,0.1054481546572935,1646,43,24
96CfxbftGCN1WdNL,0.11666666666666667,0.16666666666666666,1.0,0.14150943396226415,12145,35,50
fPMKxRbaXvPTrPvZ,0.0033333333333333335,0.0033333333333333335,0.04,0.00390625,84,1,1
2UO1eJVYIg7siTTU,0.11666666666666667,0.13333333333333333,0.96,0.1014760147601476,12145,35,40
xpGviuzBrYxOL7bK,0.0033333333333333335,0.0,0.02,0.002207505518763797,64,1,0
1MqJXe0nH4uCwN3E,0.05333333333333334,0.08333333333333333,0.56,0.058823529411764705,1638,16,25
3Fr6I1zhpVFIonDr,0.0,0.0,0.0,0.0,1284,0,0
oLxJxG5w23QHGyRs,0.0,0.0,0.0,0.0,0,0,0
yjk9Alu4GdQ4kmYm,0.02666666666666667,0.04,0.34,0.033101045296167246,3070,8,12
iZnBVxznIJgvQolw,0.0,0.0,0.0,0.0,0,0,0
JYKJHLC5mnywer0X,0.0,0.0,0.0,0.0,0,0,0
x1yQZhcE1O92Ymcs,0.14333333333333334,0.12,1.0,0.13191489361702127,19543,43,36
iTPxG5G311XIhLKm,0.12333333333333334,0.12333333333333334,1.0,0.12014134275618374,19543,37,37
5BpFO6EyX0UdrBim,0.03,0.03333333333333333,0.32,0.03187250996015936,2080,9,10
pwaEIDHTJxvI3Qxf,0.006666666666666667,0.023333333333333334,0.16,0.015065913370998116,3070,2,7
FktP777riVmmRm7n,0.0,0.0,0.0,0.0,0,0,0
NWgJAVECBtSuND6z,0.0,0.0,0.0,0.0,0,0,0
pkWDi5Gl0YrDWr4U,0.08,0.07,0.56,0.0684326710816777,12145,24,21
SQeDZQHUr75FN2la,0.03666666666666667,0.03,0.32,0.03065134099616858,1016,11,9
NLtzTv5oNpi3yG4Q,0.0,0.0,0.0,0.0,0,0,0
a3mFBB6RZcGZzgNp,0.05,0.043333333333333335,0.34,0.03777777777777778,2326,15,13
dJM7bddwEpfGkvJV,0.3433333333333333,0.3466666666666667,1.0,0.3103448275862069,19543,103,104
ZVd011m6Wn4sqzT7,0.013333333333333334,0.013333333333333334,0.1,0.014311270125223614,310,4,4
JYUbsR4EU5RtfGUA,0.08,0.07333333333333333,0.66,0.06463195691202872,12145,24,22
cU6xKxnoCWKOAdDI,0.03,0.013333333333333334,0.18,0.018867924528301886,1062,9,4
T55DxCmA0YzRDBRc,0.0,0.0,0.0,0.0,0,0,0
yIN6wsfxEV15nuCJ,0.17,0.10666666666666667,1.0,0.10982658959537572,355,51,32
ux4A8HjuHJdVFlG5,0.05333333333333334,0.023333333333333334,0.4,0.04194260485651214,3659,16,7
rhS3IeszsG7OuXlY,0.0,0.0,0.0,0.0,0,0,0
Kj9qtmLYJMfkaYkS,0.016666666666666666,0.03333333333333333,0.28,0.028017241379310345,1284,5,10
FXT1SQ1DiPMfoFvb,0.05333333333333334,0.06,0.46,0.05191873589164785,3178,16,18
WrQjIDx4BJzMq7zR,0.04,0.03,0.34,0.03244274809160305,1157,12,9
qICpl1nghlMbD1sQ,0.0,0.0,0.0,0.0,0,0,0
zVczyEUCqiBZymu9,0.02,0.04666666666666667,0.32,0.030575539568345324,1770,6,14
TQznxYl7hW2DpflA,0.04,0.03,0.28,0.0330188679245283,903,12,9
xtsxie2yvMyHgP22,0.03,0.02,0.24,0.02526315789473684,914,9,6
3papqUK2pmOgD7uO,0.006666666666666667,0.006666666666666667,0.06,0.007220216606498195,639,2,2
ehsPUf2KTTIUUlVh,0.5966666666666667,0.20333333333333334,1.0,0.3862815884476534,19543,179,61
AoYwrJPaEymuBosz,0.02666666666666667,0.04,0.26,0.02663934426229508,3027,8,12
OquSZrtq66ThuvxS,0.043333333333333335,0.03,0.32,0.034482758620689655,1646,13,9
42CgVLALUbDmBgnC,0.02,0.006666666666666667,0.12,0.012345679012345678,134,6,2
Pn0LCfwlI5Wz3VmG,0.0,0.0,0.0,0.0,0,0,0
KzFAJyxhgK8ONzBz,0.02,0.01,0.14,0.015,3157,6,3
5OJeaEATWoCZ4o8E,0.07,0.06,0.48,0.06368330464716007,12145,21,18
TSC2tDeG8XOgiYFi,0.013333333333333334,0.013333333333333334,0.14,0.013816925734024179,910,4,4
0r2Eel7jUXZ1SZaR,0.24,0.056666666666666664,0.92,0.1423487544483986,19543,72,17
jEnTTA6yKYpY12ej,0.043333333333333335,0.04666666666666667,0.4,0.04073319755600815,859,13,14
S4gu5GYYkZB5bvT3,0.06333333333333334,0.06,0.52,0.05730129390018484,12145,19,18
kwN9lUq32L3x8VOM,0.0033333333333333335,0.01,0.08,0.006745362563237774,599,1,3
8Wvw1g8Xh0rEV3lh,0.07,0.08,0.5,0.05056179775280899,3027,21,24
qSpKiaIjJY5U4BBA,0.02666666666666667,0.016666666666666666,0.2,0.02071563088512241,1638,8,5
qQyJvoWZLqErG8r2,0.023333333333333334,0.0033333333333333335,0.12,0.013182674199623353,1157,7,1
15E3Y5agYQS8PNMa,0.05333333333333334,0.06,0.48,0.05393258426966292,2575,16,18
dfpfFPjdlzRExw4g,0.016666666666666666,0.016666666666666666,0.16,0.01646090534979424,869,5,5
cxau96fhnUJ5ljLM,0.02,0.02,0.24,0.020654044750430294,1616,6,6
VmtPx7HoVwOTEJhB,0.04,0.01,0.22,0.02533783783783784,1839,12,3
UQeg89cKPxWuBVq7,0.07666666666666666,0.05333333333333334,0.46,0.04826254826254826,3659,23,16
SQ9NrhWiMF8sm8nn,0.023333333333333334,0.02,0.18,0.01694915254237288,281,7,6
jSRFXF2iSjhdVwSy,0.06666666666666667,0.07666666666666666,0.62,0.06873614190687362,2080,20,23
Lgj2CCEQ11OVs3to,0.0,0.0,0.0,0.0,0,0,0
egGkRlqcRk8CNv4P,0.006666666666666667,0.01,0.1,0.008375209380234505,1770,2,3
jBsjjl2X19eSULyA,0.02666666666666667,0.04666666666666667,0.32,0.03579952267303103,914,8,14
uDfWPtqCpU5atQXR,0.03,0.03333333333333333,0.28,0.03294117647058824,2368,9,10
IjrzlEzxVhWvPNib,0.04,0.07333333333333333,0.42,0.04807692307692308,1770,12,22
UqSJ06S1WOQ5gV9o,0.08666666666666667,0.07666666666666666,0.76,0.08112874779541446,12145,26,23
VqiRl96UpqgcYQ1v,0.12666666666666668,0.12333333333333334,1.0,0.11349036402569593,12145,38,37
Ehy65JuWe6xLmG8F,0.006666666666666667,0.0,0.0,0.0035842293906810036,1157,2,0
6YshPdJ0M2R17BeV,0.0,0.0,0.0,0.0,0,0,0
4MOyKAHbGc3Ao8Lm,0.4266666666666667,0.18333333333333332,1.0,0.2655367231638418,1616,128,55
lTVCnXbzqdZQNGD5,0.016666666666666666,0.03,0.2,0.02127659574468085,1157,5,9
Y2FCctWjzGONCrRF,0.02,0.03,0.24,0.02097902097902098,615,6,9
BHqkB8hyVBLYjeJk,0.27666666666666667,0.3933333333333333,1.0,0.328740157480315,19543,83,118
zpz8Y8mIKnovl0rz,0.03,0.05333333333333334,0.38,0.033628318584070796,180,9,16
IrIuNJ2BOc6uMurO,0.03,0.013333333333333334,0.18,0.021052631578947368,1045,9,4
l69kGM4w28csK4Yq,0.12333333333333334,0.16,0.98,0.1407035175879397,19543,37,48
SvZO24nb2aHbLxyW,0.03333333333333333,0.03333333333333333,0.32,0.030828516377649325,1638,10,10
XrI8YAhJ28TPtXRr,0.16,0.13,1.0,0.14076782449725778,19543,48,39
Oq8mEHCqkCCRuzXR,0.12,0.17666666666666667,1.0,0.1476510067114094,19543,36,53
BJ60ZS11GZoVeIYm,0.09,0.09,0.64,0.07511737089201878,3027,27,27
jB51B6SxaWAku6rC,0.09,0.06333333333333334,0.68,0.06868686868686869,2726,27,19
eMhPtwFWp4txLpuC,0.0,0.0,0.0,0.0,0,0,0
boBgQc9l9cbvwVId,0.1,0.05,0.64,0.07029478458049887,1770,30,15
tWxCQThYFIGvMYtg,0.006666666666666667,0.04,0.28,0.024096385542168676,2575,2,12
aqCEOEAZwNyq7OEB,0.0,0.0,0.0,0.0,0,0,0
9vt02FUCvBzU2qaX,0.11666666666666667,0.19333333333333333,1.0,0.14974182444061962,19543,35,58
ZRAEGmi0KFMcQUnk,0.14333333333333334,0.09666666666666666,0.96,0.10951526032315978,12145,43,29
qa2FhZJjODtJBe9n,0.043333333333333335,0.07,0.38,0.05726872246696035,1022,13,21
qxB1yqGr424phWdu,0.0,0.02666666666666667,0.16,0.015594541910331383,363,0,8
5NsgrLPMUDDoPpEk,0.0,0.0,0.0,0.0,0,0,0
8oRr9sfTcp8DGw5m,0.12666666666666668,0.14666666666666667,1.0,0.13577586206896552,19543,38,44
8qkYsruI9IPO91co,0.03333333333333333,0.013333333333333334,0.22,0.025,3178,10,4
sn4OD7XTVpQ02iJU,0.21,0.1,1.0,0.12568306010928962,746,63,30
1NCJo3S6zczUPc8G,0.0,0.0033333333333333335,0.02,0.0016835016835016834,615,0,1
DVYLhTjGsr89bptg,0.05,0.043333333333333335,0.42,0.041666666666666664,3157,15,13
MwihntuNwLkGlNUi,0.006666666666666667,0.0033333333333333335,0.02,0.004056795131845842,1927,2,1
8E1YlWFh2iIuOKvw,0.0,0.0,0.0,0.0,0,0,0
saqMtBrHVYrIW6lj,0.0033333333333333335,0.03,0.06,0.018518518518518517,1284,1,9
XvsMiVm9tkw3lhZp,0.06333333333333334,0.11,0.78,0.08644067796610169,19543,19,33
klv5YlGW43oBT16j,0.17666666666666667,0.14333333333333334,1.0,0.16377649325626203,19543,53,43
23pGZy30tReQyYTr,0.016666666666666666,0.013333333333333334,0.12,0.012522361359570662,1770,5,4
2KMuZQmIHHJFOoIb,0.23,0.21666666666666667,1.0,0.20077972709551656,19543,69,65
jrfQ5Tqo8az9Gzxs,0.02,0.03666666666666667,0.24,0.023391812865497075,899,6,11
RGATeNQ20yedAB6W,0.0,0.0,0.0,0.0,0,0,0
UD3gFrtYiNhyF6cx,0.10333333333333333,0.07,0.8,0.08316430020283976,3659,31,21
KCiv8hh70p06dVHT,0.0,0.0,0.0,0.0,0,0,0
ZdzO4VPi5jMuvAfu,0.0,0.0,0.0,0.0,0,0,0
damndfrsWWVTVYc6,0.09666666666666666,0.07666666666666666,0.62,0.07598039215686274,3157,29,23
0pVk0VNOc6QxhTUD,0.006666666666666667,0.0033333333333333335,0.04,0.005917159763313609,363,2,1
ne9bJeMH7KL5EYZQ,0.043333333333333335,0.04,0.36,0.038876889848812095,197,13,12
HSiisGBvrNpozMVf,0.02666666666666667,0.02,0.2,0.020146520146520148,453,8,6
IFv666u7u74Eei8c,0.02,0.013333333333333334,0.16,0.016666666666666666,170,6,4
dYx9rCpGoJCKAkgd,0.05,0.056666666666666664,0.36,0.04430379746835443,3027,15,17
4P41alOcv8cvJytt,0.05333333333333334,0.03,0.36,0.03290676416819013,2575,16,9
X9wSsm7xdnVdNEEF,0.0,0.0,0.0,0.0,0,0,0
mER4NMuCUOZawFsU,0.056666666666666664,0.05,0.44,0.04564315352697095,2326,17,15
Ho5v7Zw8qqn1yRRa,0.11333333333333333,0.09,0.84,0.09785202863961814,3178,34,27
5uKdFKkwXgbgLP4R,0.04,0.05,0.4,0.043668122270742356,1022,12,15
zR4soEVRlWakwi2J,0.03,0.023333333333333334,0.22,0.02247191011235955,1122,9,7
pU5ZTX26UKVEQG4U,0.17333333333333334,0.15333333333333332,1.0,0.16266173752310537,19543,52,46
YdA3QTNc4XlkJaZS,0.0033333333333333335,0.006666666666666667,0.04,0.003952569169960474,580,1,2
1lBtH5JUYeKb4fOB,0.13333333333333333,0.13666666666666666,0.98,0.12028301886792453,19543,40,41
LO6awz4R1WvKoTB9,0.0033333333333333335,0.01,0.08,0.007352941176470588,599,1,3
RQCddbIs0q840JOh,0.22666666666666666,0.31666666666666665,1.0,0.27075812274368233,1638,68,95
lKakSNjoQSSaUKoN,0.023333333333333334,0.0,0.1,0.011804384485666104,746,7,0
BHjGk7QwHXeEYsvG,0.12,0.13666666666666666,1.0,0.11310592459605028,19543,36,41
vNOeQdoUwj0ge6Bu,0.056666666666666664,0.04,0.46,0.047058823529411764,3070,17,12
kZuEkpl2fjywp7Dj,0.09333333333333334,0.08333333333333333,0.62,0.06391752577319587,4494,28,25
MYapfHRdMQy0F896,0.09333333333333334,0.07,0.66,0.07838983050847458,19543,28,21
REET2bXPahcOBXWy,0.06333333333333334,0.02666666666666667,0.44,0.038394415357766144,2575,19,8
0mtMahErLgwnbCRg,0.02666666666666667,0.016666666666666666,0.14,0.019867549668874173,375,8,5
eaRSuBf4dWvdeEe3,0.0033333333333333335,0.023333333333333334,0.16,0.014084507042253521,433,1,7
wnfWFeCUuTk2zybq,0.07666666666666666,0.09,0.56,0.06363636363636363,1927,23,27
Li9KtqJG7gA9wUKW,0.02666666666666667,0.023333333333333334,0.2,0.019120458891013385,3157,8,7
nE3KEUpheD6M1mWo,0.26666666666666666,0.20333333333333334,1.0,0.22933884297520662,19543,80,61
PRdYqlIgGlezbMCG,0.04666666666666667,0.03333333333333333,0.38,0.036468330134357005,2575,14,10
3YS0szYRZ0xEGaPm,0.006666666666666667,0.02,0.12,0.011299435028248588,315,2,6
vplsc8aHsinLSrLT,0.07333333333333333,0.06666666666666667,0.56,0.0625,599,22,20
o3P3sfl8jy8aO1oD,0.013333333333333334,0.013333333333333334,0.14,0.013675213675213675,1839,4,4
aGUhK6YeXIoxoyRG,0.006666666666666667,0.0033333333333333335,0.06,0.005859375,1177,2,1
OoX5WafJbBN0GSwT,0.006666666666666667,0.02,0.16,0.015414258188824663,1927,2,6
qXte9Fv85q7jjQoA,0.03,0.016666666666666666,0.24,0.024439918533604887,502,9,5
6jkzb5eLutcnIrV1,0.36,0.3333333333333333,1.0,0.3386243386243386,19543,108,100
CM0w382BKbFKJEPT,0.016666666666666666,0.0033333333333333335,0.1,0.008635578583765112,2193,5,1
gDTdLOyLRt6Yj3vT,0.17666666666666667,0.18,1.0,0.13786008230452676,12145,53,54
o8gTc5zFOcjAQI1y,0.006666666666666667,0.03,0.18,0.018315018315018316,2193,2,9
BDBWJS68e40SdM8k,0.08,0.07,0.58,0.05776892430278884,12145,24,21
6VU5eklwKCYW129S,0.006666666666666667,0.0,0.04,0.003430531732418525,268,2,0
Z01CjWOHd89z6kv5,0.08333333333333333,0.056666666666666664,0.48,0.06923076923076923,19543,25,17
PvDlkDK4YLpSNt5j,0.0,0.0,0.0,0.0,0,0,0
Ys8uO0VYUcoU1lgV,0.16666666666666666,0.12,1.0,0.14688128772635814,19543,50,36
gQWzI2kYjhqpPMoE,0.04666666666666667,0.03,0.3,0.03456221198156682,580,14,9
oYqWCh99JgkR7j6Q,0.01,0.04,0.28,0.02702702702702703,315,3,12
FpB8lmHYpd7fRs2z,0.0,0.0,0.0,0.0,0,0,0
qx5I5w8Tq0lpfIXA,0.03,0.02666666666666667,0.24,0.02434077079107505,899,9,8
wO3zI24BL4YJYsjM,0.21333333333333335,0.25333333333333335,0.94,0.21272365805168986,19543,64,76
6R2AW4fflGK1XES7,0.06,0.03,0.4,0.048034934497816595,2726,18,9
3YE7RIdtOi8G93qL,0.023333333333333334,0.016666666666666666,0.22,0.020637898686679174,1107,7,5
V8oSuHxIM3DXa4FP,0.013333333333333334,0.02,0.14,0.01607142857142857,2368,4,6
NjuXUWyxvJYkcRtp,0.0,0.0,0.0,0.0,0,0,0
9x7OIKR6lvfPvVSt,0.0,0.0,0.0,0.0,0,0,0
wIHxtaHqJZAdPZeI,0.15666666666666668,0.09333333333333334,1.0,0.14840182648401826,12145,47,28
JTrdTaZJvSiLPkXj,0.0,0.0,0.0,0.0,0,0,0
FKEmlZLLx15ju20o,0.0,0.0,0.0,0.0,0,0,0
kFFbTevPhOCC55YE,0.0033333333333333335,0.0033333333333333335,0.04,0.0035842293906810036,1770,1,1
d6xp4rWLKf36f5oP,0.22333333333333333,0.19333333333333333,1.0,0.17735042735042736,19543,67,58
yKS6OP6WhPrXslGy,0.056666666666666664,0.05,0.5,0.049429657794676805,4494,17,15
CIxHPhMqdEsbkWx0,0.03666666666666667,0.016666666666666666,0.24,0.02643171806167401,3157,11,5
vYNsClRVbJduG81F,0.0,0.0,0.0,0.0,0,0,0
Yb32HiaY2KE7XY6c,0.06666666666666667,0.04666666666666667,0.42,0.046460176991150445,914,20,14
ZKPACQJwmNP93Ry4,0.0,0.0,0.0,0.0,0,0,0
ZG1GYVNHv5AePpbx,0.023333333333333334,0.043333333333333335,0.32,0.030534351145038167,1016,7,13
bCB0F3ZC9PZbqMhx,0.17333333333333334,0.18,0.98,0.1688073394495413,19543,52,54
dHObOnK4HGX5oP17,0.0,0.0,0.0,0.0,0,0,0
YVFSp7MrPWqkZGjy,0.04,0.03666666666666667,0.3,0.02973977695167286,914,12,11
iKLFlrnqgZfODUMd,0.056666666666666664,0.04666666666666667,0.42,0.04941176470588235,2726,17,14
PJZjiP5g7BhDkz3V,0.17666666666666667,0.12,1.0,0.1580135440180587,12145,53,36
pAThjs5B82zdAxSb,0.023333333333333334,0.02666666666666667,0.12,0.019569471624266144,670,7,8
Jncyh7afBPzE90Wq,0.016666666666666666,0.006666666666666667,0.08,0.008695652173913044,903,5,2
VEOJy8zbDVyVOZhZ,0.006666666666666667,0.006666666666666667,0.06,0.006711409395973154,375,2,2
0RPlHpj6fkMpjLKI,0.06666666666666667,0.1,0.82,0.08216432865731463,19543,20,30
66Y6eho4XmNZF4WL,0.06666666666666667,0.1,0.78,0.07027027027027027,12145,20,30
tYwyYIDlUFJVoOPA,0.013333333333333334,0.023333333333333334,0.16,0.01646090534979424,355,4,7
buvb7j5vga3aT1U7,0.22,0.05333333333333334,1.0,0.13827993254637436,12145,66,16
m9uxvlPokhIwfJkv,0.03333333333333333,0.023333333333333334,0.26,0.029411764705882353,1177,10,7
uw9mUXMeZlgdrl30,0.02,0.03,0.2,0.021551724137931036,1143,6,9
LKdzjxego6mKiHPd,0.013333333333333334,0.02,0.16,0.014625228519195612,1045,4,6
7iME63KSl3zvDbWT,0.0,0.0033333333333333335,0.02,0.0017035775127768314,977,0,1
eyYihLVvigEXV44n,0.05333333333333334,0.04,0.4,0.046296296296296294,1839,16,12
un9rG7sdTC9ski7f,0.006666666666666667,0.016666666666666666,0.1,0.011945392491467578,3659,2,5
py4T5W2RZtwJhMzn,0.26,0.3466666666666667,1.0,0.26796116504854367,19543,78,104
rbaD0Z86NG0c6XGA,0.016666666666666666,0.02666666666666667,0.22,0.018998272884283247,2080,5,8
4OAqjBGD57tfYqBO,0.0,0.0,0.0,0.0,0,0,0
OG9c8az876nXIG9o,0.19666666666666666,0.23333333333333334,1.0,0.20892857142857144,19543,59,70
yocWtNuql6RJxh0I,0.14666666666666667,0.11333333333333333,0.76,0.11632270168855535,12145,44,34
6hPre31HSNuDW2To,0.0,0.0,0.0,0.0,0,0,0
M9fM6pfMhsMxRF9Q,0.0,0.0,0.0,0.0,0,0,0
YDO8B5CxYSfBmcho,0.22,0.2,0.98,0.1958041958041958,19543,66,60
VECHJHEfnSTDIOhS,0.013333333333333334,0.01,0.08,0.01206896551724138,303,4,3
jjmjwsE6jUA88Y91,0.08666666666666667,0.09333333333333334,0.66,0.06986899563318777,3070,26,28
ROsA39pA6FyM7xUS,0.01,0.0033333333333333335,0.06,0.007220216606498195,417,3,1
f1vwE3pw1UMRnmWA,0.013333333333333334,0.03666666666666667,0.26,0.028089887640449437,12145,4,11
6ykwejS9tkRYIKbB,0.02,0.04,0.28,0.0285204991087344,3659,6,12
4d56bexpi9UCm6JN,0.0,0.0,0.0,0.0,0,0,0
kiqkzuqIqcHy3KAd,0.07333333333333333,0.06,0.54,0.06016597510373444,3070,22,18
pUVPzHYLugk1tQRb,0.08,0.05,0.46,0.06261510128913444,12145,24,15
TRUYoYvCwv5lBOi3,0.023333333333333334,0.05333333333333334,0.34,0.03508771929824561,3027,7,16
cwUSEbmedoRYSyF1,0.03666666666666667,0.02,0.24,0.027726432532347505,316,11,6
jhqvJdOYB0SP0KqJ,0.0,0.0,0.0,0.0,0,0,0
9XvO3wY800LCdjTS,0.02666666666666667,0.02,0.22,0.02578268876611418,3659,8,6
lYd3KMueMdkhLsGw,0.016666666666666666,0.013333333333333334,0.12,0.012345679012345678,526,5,4
slnRhcp9Sjc7mxK2,0.02,0.01,0.1,0.01289134438305709,1839,6,3
yjNxZGkUwdxFSqG2,0.01,0.02,0.14,0.013972055888223553,613,3,6
zIHnSynuYL5tx3N9,0.08,0.14,1.0,0.11055276381909548,19543,24,42
beFjo7qRKpO4zgxJ,0.043333333333333335,0.013333333333333334,0.2,0.02491103202846975,580,13,4
xDHLIpLZ1xoGNMuq,0.01,0.01,0.1,0.011210762331838564,133,3,3
4CXxD9FVnSrQfpbl,0.08666666666666667,0.12333333333333334,0.7,0.09574468085106383,19543,26,37
qMdmKdWWAJ7LH1EF,0.10333333333333333,0.1,0.88,0.08979591836734693,1092,31,30
nEhCqVueeCqQ0bAw,0.0,0.0,0.0,0.0,0,0,0
s7CACn7KaLNfEiFZ,0.056666666666666664,0.043333333333333335,0.44,0.04158790170132325,2726,17,13
DKp6YGzVwJ8MHOgs,0.05333333333333334,0.04666666666666667,0.36,0.043795620437956206,977,16,14
V7kGiZ0NAPw2Pi96,0.1,0.04,0.68,0.07129455909943715,3070,30,12
sxchrsSJfjoVYM7M,0.02,0.0,0.12,0.010135135135135136,859,6,0
i7sqap5TM0TBVqxE,0.03,0.02666666666666667,0.24,0.023423423423423424,1616,9,8
m4w9U0bq89MRvkIT,0.04666666666666667,0.07,0.6,0.05719557195571956,3659,14,21
QWkjfAL3j467LIvR,0.023333333333333334,0.03,0.22,0.021442495126705652,1157,7,9
xRHk5UoPQwb2829a,0.06666666666666667,0.06,0.48,0.05043859649122807,849,20,18
qDbb4zZ3Ez2BcMtQ,0.043333333333333335,0.02,0.34,0.03119584055459272,4494,13,6
hypt2ei58EgTLZbN,0.0,0.0,0.0,0.0,0,0,0
YIFKitLz9swgKX0O,0.02,0.013333333333333334,0.12,0.017761989342806393,2368,6,4
NEfImivbDRrJTClD,0.0,0.0,0.0,0.0,0,0,0
03ztb1gtRFC4K4vP,0.0,0.0,0.0,0.0,76,0,0
DYyORpBiiBNDbyrp,0.2633333333333333,0.18,1.0,0.16292134831460675,580,79,54
r5GoXq7CjXHn3Oqv,0.0,0.0,0.0,0.0,0,0,0
yXSLtT9nmHUvM6TQ,0.06333333333333334,0.07666666666666666,0.72,0.07341269841269842,12145,19,23
ERUBMWMNw5S6KkAe,0.04,0.05333333333333334,0.4,0.04338394793926247,1638,12,16
npt43pumHHYjlea4,0.12666666666666668,0.16333333333333333,1.0,0.14095744680851063,19543,38,49
6NcOwPQmaRm0JVH4,0.16,0.16666666666666666,1.0,0.134,12145,48,50
j1oE7cMLPYR53QEt,0.0,0.0,0.0,0.0,0,0,0
XPUnGQx8Zx2h3eFs,0.056666666666666664,0.07666666666666666,0.58,0.06837606837606838,19543,17,23
rgl1FNMuwVUthVnR,0.02666666666666667,0.043333333333333335,0.36,0.036093418259023353,1284,8,13
cQxgV5BSTKXghhN0,0.01,0.02,0.16,0.014084507042253521,427,3,6
DnLkThD6as8rkZ3s,0.01,0.0033333333333333335,0.04,0.005847953216374269,813,3,1
TAAD8ellMGkGq9BC,0.02666666666666667,0.043333333333333335,0.36,0.03728070175438596,1770,8,13
iCzOVimdZ1UNJoPZ,0.056666666666666664,0.03,0.36,0.03838383838383838,2326,17,9
0bWcEBEtxW0BrYte,0.023333333333333334,0.02666666666666667,0.26,0.02486678507992895,3070,7,8
GSCnnymn6nZc2ayp,0.03666666666666667,0.01,0.22,0.023032629558541268,179,11,3
bmm8LDzgb21jOX1T,0.016666666666666666,0.03333333333333333,0.22,0.02264808362369338,870,5,10
yuGGYBjV1JH8EGwf,0.2633333333333333,0.26,1.0,0.2578616352201258,19543,79,78
hyMZJIp9YDOSL6Vw,0.06,0.056666666666666664,0.44,0.04631578947368421,3659,18,17
prBQZM9YWgknICEh,0.07333333333333333,0.05333333333333334,0.46,0.04716981132075472,2326,22,16
rSEqvyYQVz2uMIi0,0.09666666666666666,0.09,0.88,0.08858267716535433,12145,29,27
nBpQeTt1L3RDsqQT,0.05333333333333334,0.056666666666666664,0.38,0.04578313253012048,3027,16,17
7HFhac84x5BS4DZ4,0.06666666666666667,0.1,0.78,0.07536764705882353,19543,20,30
hFZ12P8v3HIqzi2E,0.01,0.016666666666666666,0.12,0.011235955056179775,12145,3,5
ckpWmLlIVQAFHUHr,0.0,0.0,0.0,0.0,0,0,0
uaMQUckhYqpHuiww,0.0,0.0,0.0,0.0,0,0,0
jcemBj7NVhzfez1S,0.0,0.0,0.0,0.0,0,0,0
xzwLwo7ZljmtWqKO,0.01,0.0033333333333333335,0.06,0.005253940455341506,670,3,1
roeuXypSjPNyDlTi,0.0,0.0,0.0,0.0,0,0,0
tQ4hK8TVD8Lsq85n,0.03,0.013333333333333334,0.2,0.018867924528301886,369,9,4
a5HgSP9snmuCTm41,0.016666666666666666,0.02,0.16,0.01386481802426343,643,5,6
0Mflm159FSXnIMGN,0.03333333333333333,0.03,0.34,0.03300970873786408,4494,10,9
jp1A2rZvwpYJcQdu,0.03666666666666667,0.05333333333333334,0.44,0.04564315352697095,2726,11,16
Lk40lsC8CTpT7zWz,0.0,0.0,0.0,0.0,0,0,0
3XsZwTGUQ1CLPzU8,0.01,0.01,0.06,0.0072992700729927005,1062,3,3
Y9uLvLGh0ReLn4rR,0.09333333333333334,0.07666666666666666,0.72,0.08695652173913043,12145,28,23
CzkQIAKTeWZbXO5e,0.08,0.05333333333333334,0.72,0.07116104868913857,19543,24,16
FyKYKNSNYzYTH1MC,0.02,0.016666666666666666,0.14,0.01715686274509804,639,6,5
lQUov1qvKPSDKTOq,0.05333333333333334,0.06333333333333334,0.58,0.05765407554671968,12145,16,19
gykKkMb1OoevzMQh,0.03,0.04666666666666667,0.32,0.03206412825651302,1153,9,14
yaaExviHnxq3MmMD,0.023333333333333334,0.04,0.3,0.029354207436399216,1143,7,12
W4mcfi6PUIykyRvD,0.0,0.0,0.0,0.0,0,0,0
TaOJrHAlvmjbUKTq,0.016666666666666666,0.013333333333333334,0.18,0.015100671140939598,2368,5,4
hTmnvC9pTddPNTbK,0.02,0.02666666666666667,0.18,0.018367346938775512,1839,6,8
MFa8ite8dx7kN1HX,0.25333333333333335,0.2,1.0,0.20208333333333334,19543,76,60
1kCRk2RxLj7bMKi7,0.1,0.08666666666666667,0.74,0.08428246013667426,12145,30,26
36dSUygZRRc4rzjf,0.05,0.043333333333333335,0.38,0.037243947858473,3178,15,13
ygbYLQ6LgsL9I87M,0.08666666666666667,0.056666666666666664,0.68,0.07401032702237521,12145,26,17
97riL8KqQJ3RDw6Z,0.0,0.0,0.0,0.0,0,0,0
7YEgNmgp7xJUWd3M,0.0,0.0,0.0,0.0,0,0,0
muEgD79kQhsYvqNr,0.0,0.0,0.0,0.0,0,0,0
GXOYJ1zN0ibvqMq5,0.0,0.0,0.0,0.0,0,0,0
Pdl3iIJVLSkfEQsH,0.09666666666666666,0.10333333333333333,0.62,0.0846774193548387,12145,29,31
SpJOGNJ5puhv1176,0.006666666666666667,0.02,0.14,0.016913319238900635,670,2,6
fTNnwBQeUoEgKgv7,0.0,0.0,0.0,0.0,0,0,0
2W2gysE2yo5ZCbu5,0.07333333333333333,0.04,0.48,0.051188299817184646,4494,22,12
xfVMQUM4hWGyzCXO,0.03666666666666667,0.04666666666666667,0.34,0.033271719038817,3070,11,14
DKIwmRDNW9vz0qvl,0.006666666666666667,0.01,0.1,0.008361204013377926,2726,2,3
dkPW1ez4OuJlKP6f,0.13333333333333333,0.09333333333333334,1.0,0.10436432637571158,19543,40,28
jxvRfqmkgvUfcl2M,0.23666666666666666,0.3233333333333333,1.0,0.24909090909090909,19543,71,97
YFkIhQ8DJd3N4eet,0.07333333333333333,0.023333333333333334,0.36,0.0472972972972973,19543,22,7
1vLMj2GQWeRVi8LH,0.2733333333333333,0.09666666666666666,0.96,0.168141592920354,19543,82,29
VDQwEygeOTfUYPaM,0.023333333333333334,0.016666666666666666,0.18,0.017408123791102514,2575,7,5
kaRamt9VyJSaYgKW,0.04,0.023333333333333334,0.24,0.02891156462585034,1927,12,7
1SwgTjzXb6hQybid,0.016666666666666666,0.02,0.2,0.019867549668874173,3659,5,6
XqxxNsGz42kfPdUH,0.016666666666666666,0.006666666666666667,0.12,0.012396694214876033,159,5,2
IwtCQ8AzVVD6BejC,0.0,0.0,0.0,0.0,0,0,0
VclWPqofiC7fDz44,0.056666666666666664,0.07333333333333333,0.66,0.06680161943319839,12145,17,22
TUDQq4IERCwgeiJX,0.15333333333333332,0.21333333333333335,1.0,0.18397085610200364,19543,46,64
C2TaoG0LPWHuOhw3,0.05333333333333334,0.043333333333333335,0.4,0.040983606557377046,2575,16,13
Ef5Vt80wmgNtsI5i,0.01,0.0033333333333333335,0.04,0.006734006734006734,1107,3,1
q4XvaGPLV0T03nY0,0.12333333333333334,0.09333333333333334,0.98,0.1054945054945055,12145,37,28
6CmN8VgewXU3fHFM,0.06666666666666667,0.07666666666666666,0.5,0.061068702290076333,1927,20,23
sRH6xRr8PJbfY3T2,0.043333333333333335,0.03,0.28,0.03258145363408521,3659,13,9
Q0Xmt80EoEtDhue2,0.35333333333333333,0.21333333333333335,1.0,0.2713472485768501,19543,106,64
LeWIzjoTRN8saOxg,0.12,0.06666666666666667,0.4,0.09029345372460497,3659,36,20
gJwRWz2VYpVn5ydV,0.0,0.0,0.0,0.0,0,0,0
PfpBbWC1NSI1R3ic,0.09333333333333334,0.09333333333333334,0.66,0.07551487414187644,2575,28,28
r1cWjMMXy3NWFQvC,0.056666666666666664,0.06,0.44,0.04781704781704782,1143,17,18
S79iTdWg6KGQKQFH,0.14,0.14,1.0,0.13812154696132597,19543,42,42
5GIQoX1BOgGFgRX0,0.03333333333333333,0.043333333333333335,0.26,0.028888888888888888,310,10,13
ONt76nXib2g0Liv2,0.24333333333333335,0.31666666666666665,0.98,0.25426944971537,19543,73,95
aTP91ksfZys07cAE,0.043333333333333335,0.023333333333333334,0.26,0.02771855010660981,385,13,7
ueZCPjDzLgZX0ERo,0.08333333333333333,0.09333333333333334,0.72,0.07243460764587525,3178,25,28
3deDlCVIqJTTeUqZ,0.06,0.06,0.46,0.04428044280442804,195,18,18
EdFJISSez6joNW5v,0.02666666666666667,0.02666666666666667,0.26,0.02524271844660194,3659,8,8
rClUPJadYPRgMD5I,0.21333333333333335,0.03333333333333333,0.82,0.12323943661971831,12145,64,10
nDAGp8HHywWJDO0q,0.03666666666666667,0.03666666666666667,0.34,0.038461538461538464,2326,11,11
4JwefDcGAcFoWojp,0.0,0.0,0.0,0.0,0,0,0
LzxNplnku9HNxwgW,0.01,0.016666666666666666,0.14,0.014414414414414415,1107,3,5
eDmVfXxFBgOsqzcW,0.04,0.016666666666666666,0.26,0.028409090909090908,3659,12,5
mNB2sjQ8gpUylcZb,0.0033333333333333335,0.006666666666666667,0.06,0.005050505050505051,169,1,2
W07S8Ryz6DTVRc1V,0.05,0.02666666666666667,0.34,0.03527336860670194,4494,15,8
XBdWi8yA45Kzgkqn,0.17,0.14333333333333334,0.92,0.13948919449901767,19543,51,43
wTkkWHKBTXtUqTjr,0.04666666666666667,0.03,0.38,0.04103671706263499,2326,14,9
tv2CeKgb2k9eOApF,0.006666666666666667,0.006666666666666667,0.04,0.0038461538461538464,1016,2,2
tzjd4pmYXBdHq5qC,0.05,0.043333333333333335,0.44,0.044921875,147,15,13
h4wbz33RQviZLJgq,0.013333333333333334,0.02,0.16,0.015789473684210527,1646,4,6
fjh6ggR3EeCB7pnH,0.08666666666666667,0.08333333333333333,0.6,0.0651685393258427,3659,26,25
R66chaldEN0epFjt,0.023333333333333334,0.013333333333333334,0.2,0.02027027027027027,1284,7,4
uCLGHTfEronptuWn,0.04,0.03666666666666667,0.34,0.03313840155945419,903,12,11
mbuxc7lObtObnQdJ,0.17,0.08,1.0,0.1316793893129771,12145,51,24
1a78V719IMawXjDx,0.17333333333333334,0.19666666666666666,1.0,0.18125,19543,52,59
1guc0nH9GKcF5YLu,0.0,0.0,0.0,0.0,0,0,0
S6zM6hiHF0XCrrdt,0.0,0.0,0.0,0.0,0,0,0
eAAR7MPdfzwIogPy,0.04,0.02,0.3,0.028901734104046242,2726,12,6
zHKW7acPOkntNFf8,0.023333333333333334,0.006666666666666667,0.16,0.017456359102244388,869,7,2
s4Lp3ZuNjeznNJnP,0.03,0.02666666666666667,0.26,0.025193798449612403,1153,9,8
86EbpVfyg4JBN5ok,0.08666666666666667,0.056666666666666664,0.68,0.0738255033557047,19543,26,17
WlunyuwV2wNDDePP,0.15666666666666668,0.12333333333333334,1.0,0.10699588477366255,869,47,37
Tfn3aT2sxrjiSdCF,0.03333333333333333,0.016666666666666666,0.22,0.021611001964636542,700,10,5
pTJcwdgpLRe05BVE,0.05,0.023333333333333334,0.4,0.03676470588235294,3178,15,7
FaZojDcF3gE48TWA,0.10333333333333333,0.06666666666666667,0.82,0.07975460122699386,19543,31,20
AdiiK1J7lWzpkroh,0.006666666666666667,0.01,0.06,0.006968641114982578,1092,2,3
GEHOv0en9CMurPR2,0.06333333333333334,0.043333333333333335,0.36,0.03776978417266187,3157,19,13
ur50zM2sbAapI5tD,0.04,0.02666666666666667,0.28,0.030303030303030304,3178,12,8
Bz6xXGavZefjvw9X,0.02,0.01,0.14,0.013409961685823755,621,6,3
bMGevqYYGb1sTDXo,0.013333333333333334,0.0,0.08,0.00881057268722467,433,4,0
ynf3AkaKxUMK8n2p,0.28,0.37666666666666665,1.0,0.3151183970856102,1927,84,113
596cSc02bC3ZSv6y,0.08666666666666667,0.07,0.48,0.05639913232104121,2326,26,21
Noh1IBaATyzfAY1W,0.04,0.023333333333333334,0.32,0.03368421052631579,441,12,7
aI8tBxMVKrhH4bEM,0.04666666666666667,0.02666666666666667,0.3,0.033185840707964605,3178,14,8
uqkAHTzA5KUeUuIH,0.0,0.0,0.0,0.0,0,0,0
dzAUx8jlyvBXlnmz,0.03666666666666667,0.06666666666666667,0.48,0.049586776859504134,882,11,20
AVPr3F8h5ahCgmiH,0.0,0.0,0.0,0.0,0,0,0
jROoUiKNy6vCSNrw,0.06666666666666667,0.06666666666666667,0.42,0.050239234449760764,1638,20,20
9ALISh5aKXxaYu8W,0.0,0.0,0.0,0.0,0,0,0
kGpTIbq76OxThgvj,0.20666666666666667,0.19,1.0,0.17383177570093458,19543,62,57
TN2HakCpBYnUfvTp,0.056666666666666664,0.056666666666666664,0.5,0.059278350515463915,3659,17,17
FeWTlZUgOVsCrcho,0.01,0.013333333333333334,0.1,0.010657193605683837,899,3,4
91KsP0it3IjnRrkW,0.013333333333333334,0.006666666666666667,0.12,0.010948905109489052,1157,4,2
vSvU48u9udF9Zqld,0.013333333333333334,0.01,0.1,0.009111617312072893,159,4,3
lSvbW2UBIW3g56lf,0.13666666666666666,0.12,0.92,0.10900473933649289,147,41,36
yPrM9knzFG7wbtmD,0.016666666666666666,0.03333333333333333,0.24,0.026881720430107527,1157,5,10
qklTmEl6tzAGlQmM,0.05,0.08333333333333333,0.56,0.06037735849056604,2368,15,25
WBko45XvgppareBi,0.03333333333333333,0.04666666666666667,0.3,0.035545023696682464,2326,10,14
7wAf469zqeRE1X0E,0.016666666666666666,0.016666666666666666,0.3,0.016483516483516484,12145,5,5
itPJ8oRR8FkK5LIE,0.023333333333333334,0.006666666666666667,0.14,0.013916500994035786,1153,7,2
k5Vl9OBO9Gogl4Hc,0.04666666666666667,0.056666666666666664,0.4,0.045351473922902494,1646,14,17
2uAZJilmYQaoB5VV,0.0,0.0,0.0,0.0,0,0,0
8cSlDeGJWwarGd8m,0.09,0.08333333333333333,0.82,0.08333333333333333,19543,27,25
kP5kZAPwyYRS44Kw,0.04666666666666667,0.03,0.24,0.035381750465549346,580,14,9
rhW9GwPkzJv3tqMn,0.006666666666666667,0.08666666666666667,0.48,0.047957371225577264,1583,2,26
Itenv2RZ5cr1VZcs,0.0033333333333333335,0.013333333333333334,0.08,0.008375209380234505,337,1,4
MKTKIMiPFueBofkI,0.023333333333333334,0.01,0.18,0.017208413001912046,1062,7,3
XtRzVAFb9KLtR7LX,0.03,0.0033333333333333335,0.18,0.017699115044247787,473,9,1
5t670mkkmx9XUp12,0.013333333333333334,0.0033333333333333335,0.06,0.009380863039399626,859,4,1
iUng73UhH43kpuxh,0.03,0.07666666666666666,0.56,0.05008635578583765,4494,9,23
TK2H80IULK8hzeIc,0.043333333333333335,0.04666666666666667,0.34,0.04562043795620438,3659,13,14
u4hftjenWqHZoMep,0.03,0.016666666666666666,0.22,0.022964509394572025,423,9,5
AlZQB4Xe1ewhTr20,0.0033333333333333335,0.01,0.08,0.007246376811594203,1133,1,3
ngfajDZ86pgODPhj,0.0,0.0,0.0,0.0,0,0,0
YPVDbk4EWvKMLkNn,0.01,0.016666666666666666,0.12,0.011560693641618497,37,3,5
zVtJb0G3buVrsdue,0.023333333333333334,0.023333333333333334,0.2,0.019342359767891684,899,7,7
zEW1nRsUbQutekUT,0.043333333333333335,0.043333333333333335,0.4,0.04158004158004158,2080,13,13
LQjXLZkXWq1H4O37,0.023333333333333334,0.05,0.38,0.03862660944206009,882,7,15
mCjVYxzwO66drxyh,0.29,0.23333333333333334,1.0,0.22810590631364563,12145,87,70
vvBpNv1yHdeuRnEE,0.06666666666666667,0.07,0.42,0.04700854700854701,3027,20,21
RBNzTIqzFYALIO8M,0.04666666666666667,0.03666666666666667,0.32,0.03640256959314775,4494,14,11
AyHTftILaHXE9d9K,0.0,0.0,0.0,0.0,0,0,0
AP6MYufvHScjddkn,0.023333333333333334,0.043333333333333335,0.32,0.032520325203252036,2368,7,13
SgnFHzzDuTHB1nRO,0.18666666666666668,0.12333333333333334,1.0,0.14465408805031446,19543,56,37
90ydM4flSwTx6HwA,0.05333333333333334,0.05,0.44,0.04271844660194175,3070,16,15
tPWmATASsDeXVWeo,0.02666666666666667,0.03333333333333333,0.24,0.02575107296137339,599,8,10
stalLo1ZdcadxOV4,0.1,0.12,0.98,0.1016260162601626,12145,30,36
ul7KvRlIF0PH3zke,0.02,0.04,0.28,0.026223776223776224,2326,6,12
wUGyfP2RDKdjziSq,0.0,0.0,0.0,0.0,0,0,0
TdHKeVa3D1TeOGOH,0.12666666666666668,0.10666666666666667,1.0,0.10968921389396709,12145,38,32
XWIdHC0txdl0zejI,0.0,0.0,0.0,0.0,0,0,0
VUskk3yiTgyBT1ow,0.08,0.08,0.8,0.07992202729044834,12145,24,24
QWjuW95IDQe0OfYl,0.03666666666666667,0.03666666666666667,0.3,0.031423290203327174,816,11,11
DKcf2cOSmH1bS3Hn,0.06333333333333334,0.056666666666666664,0.48,0.059233449477351915,12145,19,17
DzUYG67zn0H4Wlso,0.03,0.03666666666666667,0.32,0.03137254901960784,385,9,11
BooDymJ30lsZO5TP,0.1,0.02,0.58,0.056218057921635436,12145,30,6
hLR7C4xRztjo46Bh,0.03666666666666667,0.03333333333333333,0.36,0.03832116788321168,3659,11,10
tSbdVvPbZvTfvZph,0.03666666666666667,0.03,0.28,0.030303030303030304,670,11,9
HihlFPiAUqdRYfJX,0.07,0.07,0.54,0.060085836909871244,3178,21,21
lMQlWhgC1WeP0QFa,0.01,0.02,0.16,0.0162748643761302,849,3,6
sNAwxtdT2ckFsCsR,0.20333333333333334,0.2966666666666667,1.0,0.22099447513812154,19543,61,89
7hZgkMA3qItfwLhD,0.07,0.04,0.52,0.048214285714285716,3070,21,12
SSnZm95zoNfoDOCX,0.06,0.04,0.36,0.03885480572597137,1022,18,12
UeinPqOb9GWMNeBe,0.013333333333333334,0.013333333333333334,0.14,0.013618677042801557,499,4,4
Gw04fpNzQ1xeO0gJ,0.2633333333333333,0.08333333333333333,1.0,0.15853658536585366,12145,79,25
TPRBW1xwiw6o5tJ3,0.14333333333333334,0.19,1.0,0.14659685863874344,19543,43,57
NX4xwjOWfEzGx4l9,0.0,0.0,0.0,0.0,0,0,0
lo5bLU5N4uTA3Oc6,0.06,0.013333333333333334,0.32,0.03290676416819013,3178,18,4
ALPx0J8it9TJYKZH,0.07,0.05333333333333334,0.62,0.05860805860805861,1927,21,16
ga2GbuIesGRkJHFk,0.0,0.013333333333333334,0.08,0.006711409395973154,398,0,4
8r8EohNTfuHMeOnc,0.04,0.043333333333333335,0.26,0.026859504132231406,2326,12,13
IsixYCduqaQxONHt,0.023333333333333334,0.023333333333333334,0.18,0.018556701030927835,350,7,7
tDXMrRk0ShoYE9xC,0.006666666666666667,0.02,0.16,0.01532567049808429,100,2,6
CfoqgrneiK8q70cZ,0.04,0.05333333333333334,0.4,0.05025125628140704,1107,12,16
3rxQF6u5G0EGdoTd,0.25666666666666665,0.25333333333333335,1.0,0.23107569721115537,19543,77,76
Usjmb89IcXdIUu9D,0.02,0.06,0.36,0.03345724907063197,1177,6,18
xB75W4fXZAk3NEco,0.12,0.12333333333333334,0.96,0.09812108559498957,12145,36,37
JaYpFQMtsWBk90Aj,0.0,0.0,0.0,0.0,0,0,0
D06SAOKJZjyaT35B,0.11666666666666667,0.18333333333333332,1.0,0.15337423312883436,19543,35,55
